CASE NUMBER,ER_in_Tum,ER_HER2_in_Tum,HER2_in_Tum,TN_in_Tum,endothelial_in_Tissue,immune_in_Tissue,stromal_in_Tissue,tumor_in_Tissue,nonprolif_in_Tissue,prolif_in_Tissue,endothelial_nonprolif_in_Tissue,endothelial_prolif_in_Tissue,immune_nonprolif_in_Tissue,immune_prolif_in_Tissue,stromal_nonprolif_in_Tissue,stromal_prolif_in_Tissue,tumor_nonprolif_in_Tissue,tumor_prolif_in_Tissue,CD20Bcell_in_Immune,CD4Tcell_in_Immune,CD8Tcell_in_Immune,MyeloidImmune_in_Immune,CD4Tcell_FoxP3_in_Tcell,CD4Tcell_GRNZB_in_Tcell,CD4Tcell_PD1_in_Tcell,CD4Tcell__in_Tcell,CD4Tcell_prolif_in_Tcell,CD8Tcell_FoxP3_in_Tcell,CD8Tcell_GRNZB_in_Tcell,CD8Tcell_PD1_in_Tcell,CD8Tcell__in_Tcell,CD8Tcell_prolif_in_Tcell,stromal_PDPN_in_Stroma,stromal_Vim_in_Stroma,stromal_Vim_PDPN_in_Stroma,stromal_Vim_aSMA_in_Stroma,stromal__in_Stroma,stromal_aSMA_in_Stroma,CD4Tcell_FoxP3_in_Tcell-Mac,CD4Tcell_FoxP3_prolif_in_Tcell-Mac,CD4Tcell_GRNZB_in_Tcell-Mac,CD4Tcell_PD1_in_Tcell-Mac,CD4Tcell_PD1_prolif_in_Tcell-Mac,CD4Tcell__in_Tcell-Mac,CD4Tcell_prolif_in_Tcell-Mac,CD8Tcell_FoxP3_in_Tcell-Mac,CD8Tcell_GRNZB_in_Tcell-Mac,CD8Tcell_PD1_in_Tcell-Mac,CD8Tcell__in_Tcell-Mac,CD8Tcell_prolif_in_Tcell-Mac,MyeloidImmune_GRNZB_in_Tcell-Mac,MyeloidImmune_PD1_in_Tcell-Mac,MyeloidImmune__in_Tcell-Mac,MyeloidImmune_prolif_in_Tcell-Mac,ActivatedFB_in_NonTum,CD20Bcell_in_NonTum,CD4Tcell_in_NonTum,CD8Tcell_in_NonTum,MyeloidImmune_in_NonTum,Other_NonTumor_in_NonTum,Pericyte_in_NonTum,endothelial_in_NonTum,Bas_in_Tum,Lum_in_Tum,Lum_Bas_in_Tum,Lum_Bas_Mes_in_Tum,Lum_EGFR_in_Tum,Lum_Mes_in_Tum,Bas_HER2_in_Tum,Bas_TN_in_Tum,Lum_Bas_ER_in_Tum,Lum_Bas_HER2_in_Tum,Lum_Bas_Mes_TN_in_Tum,Lum_Bas_TN_in_Tum,Lum_EGFR_HER2_in_Tum,Lum_EGFR_TN_in_Tum,Lum_ER_in_Tum,Lum_ER_HER2_in_Tum,Lum_HER2_in_Tum,Lum_Mes_HER2_in_Tum,Lum_Mes_TN_in_Tum,Lum_TN_in_Tum,Bas_HER2_in_Tissue,Bas_TN_in_Tissue,CD20Bcell_in_Tissue,CD4Tcell_in_Tissue,CD4Tcell_FoxP3_in_Tissue,CD4Tcell_FoxP3_prolif_in_Tissue,CD4Tcell_GRNZB_in_Tissue,CD4Tcell_PD1_in_Tissue,CD4Tcell_PD1_prolif_in_Tissue,CD4Tcell_prolif_in_Tissue,CD8Tcell_in_Tissue,CD8Tcell_FoxP3_in_Tissue,CD8Tcell_GRNZB_in_Tissue,CD8Tcell_PD1_in_Tissue,CD8Tcell_prolif_in_Tissue,Lum_Bas_ER_in_Tissue,Lum_Bas_HER2_in_Tissue,Lum_Bas_Mes_TN_in_Tissue,Lum_Bas_TN_in_Tissue,Lum_EGFR_HER2_in_Tissue,Lum_EGFR_TN_in_Tissue,Lum_ER_in_Tissue,Lum_ER_HER2_in_Tissue,Lum_HER2_in_Tissue,Lum_Mes_HER2_in_Tissue,Lum_Mes_TN_in_Tissue,Lum_TN_in_Tissue,MyeloidImmune_in_Tissue,MyeloidImmune_GRNZB_in_Tissue,MyeloidImmune_PD1_in_Tissue,MyeloidImmune_prolif_in_Tissue,Other_NonTumor_in_Tissue,stromal_PDPN_in_Tissue,stromal_Vim_in_Tissue,stromal_Vim_PDPN_in_Tissue,stromal_Vim_aSMA_in_Tissue,stromal_aSMA_in_Tissue,tumor_to_Bas_HER2,tumor_to_Bas_TN,tumor_to_Lum_Bas_ER,tumor_to_Lum_Bas_HER2,tumor_to_Lum_Bas_Mes_TN,tumor_to_Lum_Bas_TN,tumor_to_Lum_EGFR_HER2,tumor_to_Lum_EGFR_TN,tumor_to_Lum_ER,tumor_to_Lum_ER_HER2,tumor_to_Lum_HER2,tumor_to_Lum_Mes_HER2,tumor_to_Lum_Mes_TN,tumor_to_Lum_TN,tumor_to_CD20Bcell,tumor_to_CD4Tcell_FoxP3,tumor_to_CD4Tcell_FoxP3_prolif,tumor_to_CD4Tcell_GRNZB,tumor_to_CD4Tcell_PD1,tumor_to_CD4Tcell_PD1_prolif,tumor_to_CD4Tcell,tumor_to_CD4Tcell_prolif,tumor_to_CD8Tcell_FoxP3,tumor_to_CD8Tcell_GRNZB,tumor_to_CD8Tcell_PD1,tumor_to_CD8Tcell,tumor_to_CD8Tcell_prolif,tumor_to_MyeloidImmune_GRNZB,tumor_to_MyeloidImmune_PD1,tumor_to_MyeloidImmune,tumor_to_MyeloidImmune_prolif,tumor_to_endothelial,tumor_to_stromal_aSMA_x,tumor_to_stromal_PDPN,tumor_to_stromal_Vim,tumor_to_stromal_Vim_PDPN,tumor_to_stromal_Vim_aSMA,tumor_to_Other_NonTumor,tumor_to_stromal_aSMA_y,immune_to_CD20Bcell,immune_to_CD4Tcell_FoxP3,immune_to_CD4Tcell_FoxP3_prolif,immune_to_CD4Tcell_GRNZB,immune_to_CD4Tcell_PD1,immune_to_CD4Tcell_PD1_prolif,immune_to_CD4Tcell,immune_to_CD4Tcell_prolif,immune_to_CD8Tcell_FoxP3,immune_to_CD8Tcell_GRNZB,immune_to_CD8Tcell_PD1,immune_to_CD8Tcell,immune_to_CD8Tcell_prolif,immune_to_MyeloidImmune_GRNZB,immune_to_MyeloidImmune_PD1,immune_to_MyeloidImmune,immune_to_MyeloidImmune_prolif,immune_to_endothelial,immune_to_stromal_aSMA_x,immune_to_stromal_PDPN,immune_to_stromal_Vim,immune_to_stromal_Vim_PDPN,immune_to_stromal_Vim_aSMA,immune_to_Other_NonTumor,immune_to_stromal_aSMA_y,endothelial_to_endothelial,endothelial_to_stromal_aSMA_x,endothelial_to_stromal_PDPN,endothelial_to_stromal_Vim,endothelial_to_stromal_Vim_PDPN,endothelial_to_stromal_Vim_aSMA,endothelial_to_Other_NonTumor,endothelial_to_stromal_aSMA_y,stromal_to_stromal_PDPN,stromal_to_stromal_Vim,stromal_to_stromal_Vim_PDPN,stromal_to_stromal_Vim_aSMA,stromal_to_Other_NonTumor,stromal_to_stromal_aSMA,CellProlif_entropy,DiffState_entropy,DiffStateHRStatus_entropy,HRStatus_entropy,ImmuneFunc_entropy,ImmuneType_entropy,MainStromal_entropy,StromalType_entropy,Tcell_Immune_entropy,TumorProlif_entropy,celltype_entropy,proliferation_entropy,pCR_RCB
1,0.08668242710795902,0.17677961649592855,0.3167848699763593,0.41975308641975306,0.04944543222419778,0.12132757598848533,0.5069003471340277,0.3223266446532893,0.9919566505799678,0.008043349420032174,0.049106764880196434,0.00033866734400135465,0.12056557446448228,0.0007620015240030481,0.5050376767420202,0.0018626703920074509,0.317246634493269,0.00508001016002032,0.0,0.6559665038381018,0.016050244242847175,0.3279832519190509,0.0924195223260644,0.0,0.02180685358255452,0.8587746625129803,0.003115264797507788,0.0,0.0,0.0010384215991692627,0.02284527518172378,0.0,0.02405211291130784,0.12677467847001836,0.00300651411391348,0.07115416736261901,0.7212293302154669,0.05378319692667447,0.06210746685275645,0.0,0.0,0.014654570830425682,0.0,0.5771109560362875,0.0020935101186322397,0.0,0.0,0.0006978367062107465,0.015352407536636425,0.0,0.009071877180739707,0.003489183531053733,0.31123517096999304,0.004187020237264479,0.11281859070464767,0.0,0.11744127936031985,0.002873563218390805,0.058720639680159926,0.5949525237381309,0.040229885057471264,0.07296351824087956,0.0007880220646178094,0.9127922248489624,0.005516154452324665,0.00026267402153926984,0.0005253480430785397,0.08011557656947728,0.0,0.0007880220646178094,0.004990806409246125,0.0,0.00026267402153926984,0.0005253480430785397,0.00026267402153926984,0.00026267402153926984,0.0816916206987129,0.17677961649592855,0.2936695560809036,0.022852639873916468,0.05726293669556081,0.3606514315734174,0.0,0.00025400050800101603,0.0,0.07001947337228008,0.0075353484040301425,0.0,0.0,0.001778003556007112,0.0,0.00025400050800101603,0.0018626703920074509,0.0,0.0,8.466683600033866e-05,0.0,0.0016086698840064347,0.0,8.466683600033866e-05,0.00016933367200067733,8.466683600033866e-05,8.466683600033866e-05,0.02633138599610533,0.05698078062822792,0.09465752264837864,0.007366014732029464,0.01845737024807383,0.116247565828465,0.037761408856151035,0.0011006688680044027,0.0004233341800016933,0.0005080010160020321,0.3655913978494624,0.01219202438404877,0.06426212852425704,0.0015240030480060962,0.03606807213614427,0.02726272119210905,0.0,0.029972052977501305,0.047415180525483804,0.0,0.001837109614206981,0.001837109614206981,0.001837109614206981,0.004286589099816289,1.112069664887551,1.8009450404697118,3.2977882530195117,0.2866220164869664,0.5618186738481007,3.3071072049486596,0.0,0.34240783238987754,0.0,0.0,0.12529762701286074,0.0,1.6520759191692649,0.001224739742804654,0.0,0.0,0.0,0.15946119297581327,0.0,0.042715791489383634,0.015921616656460504,1.6392910962766987,0.030006123698714023,1.8018655575750497,1.1484573500635877,0.476230906948954,1.2540608849248804,0.06771889926559777,0.8845168622043906,4.407450676112172,1.1484573500635877,0.0,1.2026658920458033,0.0,0.0,0.3675721918715257,0.0,3.7646091199220466,0.0027906976744186047,0.0,0.0,0.0065116279069767444,0.3595316220792627,0.0,0.2329290638994774,0.04744186046511628,2.462500904578071,0.034120651168157434,2.083771937179878,0.715113917083978,0.6714618721842662,1.463569489173758,0.15627906976744185,0.47850043029622547,5.5175388650159,0.715113917083978,2.8814253191084007,1.3547349718693054,0.7327247685939703,1.4065303618867075,0.05571847507331378,1.1885164229941092,5.135167724900448,1.3547349718693054,0.7304679346502209,1.4022054190621156,0.12097599770644224,0.8889658382116639,5.157091386958224,1.021307646339015,1.6720915574927058,0.4702788867505469,2.2091610438315508,1.7988277579233676,1.561627010186608,1.022205434634818,0.9010892913458534,1.370408089319992,0.7872868843115886,1.6699148939356498,1.6070642437624092,0.06752283463186075,1.0
2,0.0034758216964449053,0.00878102323312397,0.7458991401914751,0.24184401487895604,0.06466565698288126,0.16730919271191885,0.3917114140162467,0.3763137362889532,0.8618339529120198,0.13816604708798014,0.061224489795918366,0.003689611437795457,0.1615588608324686,0.004957915369537646,0.3823821053845267,0.011091894384872594,0.26090164879511124,0.1141934739997694,0.021807708133315045,0.7292552461939378,0.02770539020710465,0.22123165546564255,0.1250226490306215,0.0003623844899438304,0.02047472368182642,0.7876426888929153,0.029896720420366008,0.0007247689798876608,0.0,0.019568762456966843,0.015944917557528537,0.0003623844899438304,0.009666080843585235,0.34721734036321034,0.010251903925014644,0.023491505565319273,0.5564733450497951,0.052899824253075566,0.09674705552439708,0.008693213684800897,0.0002804262478968032,0.015844083006169376,0.0011217049915872128,0.5996915311273135,0.02313516545148626,0.0005608524957936064,0.0,0.01514301738642737,0.01233875490745934,0.0002804262478968032,0.00014021312394840157,0.007010656197420078,0.2125630959057768,0.006449803701626472,0.22414364031053388,0.005850104860370139,0.19562897825527065,0.0074322086905331325,0.05934729018727694,0.3706906067184223,0.03322418043342286,0.10368299054417013,0.0029879870723824625,0.9469479846332094,0.0004268552960546375,0.0,0.0034758216964449053,0.046161351301908654,0.0001829379840234161,0.002805049088359046,0.0,0.00024391731203122138,0.0,0.0001829379840234161,0.0033538630404292944,0.00012195865601561069,0.0034758216964449053,0.00878102323312397,0.7248612720287823,0.017257149826208917,0.028904201475699737,0.20982986767485826,6.884207627702051e-05,0.0010555785029143145,0.0036486300426820883,0.09814585341227224,0.01583367754371472,0.001422736243058424,4.589471751801368e-05,0.002593051539767773,0.00018357887007205468,0.0037863141952361283,0.0020193675707926018,9.178943503602736e-05,0.0,0.0024783147459727386,4.589471751801368e-05,0.0,9.178943503602736e-05,0.0,6.884207627702051e-05,0.0012621047317453759,4.589471751801368e-05,0.0013079994492633895,0.0033044196612969853,0.2727752535683143,0.006494102528798935,0.010877048051769242,0.07896186148974252,0.034788195878654365,2.294735875900684e-05,0.001147367937950342,0.0010555785029143145,0.217976960851806,0.0037863141952361283,0.13600899536463354,0.004015787782826197,0.009201890862361742,0.020721464959383176,0.003198626930878452,0.03581569009989353,0.0,0.007366051649048225,0.0,0.0012482446559525667,0.11581109300424504,0.010141987829614604,0.0831686207695331,0.18702421781964176,5.486153131530162,0.5854991540534986,0.8420417520410126,3.2460396796762625,0.010542998315054463,0.6294815588583608,0.10985515096960238,0.0015603058199407083,0.1010224321757974,0.014822905289436729,1.4836567480886504,0.2788621819141155,0.0034326728038695585,0.0,0.037054788089785635,0.03874798868533658,0.00046809174598221254,0.00015603058199407084,0.014376008023300422,0.9461330984321318,0.08731717799700613,1.8110033796442808,0.25106155055743334,0.2873564481133769,2.328855250186222,0.1500233645710919,0.07972157279702824,3.083896397974951,0.25106155055743334,0.6118126348713213,1.6959549560792269,0.2242419730385465,0.007145543437382475,0.5538038723362687,0.042121098157201955,4.065065910802814,0.5266837289131489,0.039804381347455675,0.0,0.1743386248288387,0.46354506281982866,0.015231289958631064,0.000188040616773223,0.3042726336787922,2.6483235124740023,0.2111483340466336,2.400185305856175,0.2746559104750453,0.24974104110389583,3.4042520186313454,0.3640582969383949,0.41435552077763865,3.929177562608946,0.2746559104750453,3.2579793817553746,0.5332901901960131,0.1648611637053339,3.583638501163633,0.1610906095588192,0.5668775827446959,3.915565180011998,0.5332901901960131,0.21327094881800246,3.327497054183858,0.21300882926083203,0.4273060905902867,4.171805672841815,0.6851396894554017,2.2049560111939517,0.33752583913742473,1.2068106843623092,0.8991154175774266,1.8155870015397133,1.0773570702228097,1.203792978311971,1.4843409829460812,1.134651195106487,2.9757704334101898,1.7472908440276531,0.5794156292626115,0.0
3,0.0005432814197754436,2.587054379883065e-05,0.00023283489418947587,0.9991980131422362,0.048046230586765326,0.18813388908954248,0.3864978573450602,0.377322022978632,0.8222035668615718,0.1777964331384282,0.04626843730092616,0.0019013083745773511,0.16585485372666242,0.021159406086146908,0.3265644141716078,0.061037879159112074,0.2868035478022247,0.0904101533787426,0.0024905307943755514,0.5479167747626212,0.005707466403777306,0.44388522803922587,0.08791002811621368,9.372071227741332e-05,0.011152764761012185,0.7664479850046859,0.12408622305529522,9.372071227741332e-05,0.0,0.0008434864104967197,0.007029053420805998,0.0023430178069353325,0.012426125170480376,0.07463252007879982,0.0025256351972521088,0.008435621558822043,0.8693488912461484,0.03263120674849725,0.04879063719115735,0.00764629388816645,0.0001560468140442133,0.006189856957087125,0.002080624187256177,0.4155526657997399,0.06886866059817945,5.201560468140442e-05,5.201560468140442e-05,0.00046814044213263977,0.0038491547464239275,0.0013003901170351106,0.0016124837451235374,0.0031729518855656696,0.39823146944083226,0.04197659297789337,0.05403752998165828,0.0007524808352537271,0.16554578375581994,0.001724435247456458,0.13411403219990908,0.5464108231826804,0.020254275815579488,0.0771606389816426,0.0944533554095307,0.2105862265224815,0.6038961038961039,0.019894448181300768,0.058933098773736224,0.0122367672168469,0.0002069643503906452,0.09424639105914008,0.0003880581569824598,2.587054379883065e-05,0.019894448181300768,0.6034821751953227,0.0,0.058933098773736224,0.00015522326279298392,2.587054379883065e-05,0.0,0.0,0.0122367672168469,0.21040513271588968,7.809220737385668e-05,0.035561238932869985,0.00046855324424314006,0.07798483058871764,0.009156311314584695,0.0014349443104946164,2.9284577765196254e-05,0.001161621584686118,0.0003904610368692834,0.01292426032037328,0.0007223529182081742,9.761525921732083e-06,9.761525921732083e-06,8.785373329558876e-05,0.0002440381480433021,0.00014642288882598127,9.761525921732083e-06,0.007506613433811974,0.22770711517624434,0.0,0.02223675604970569,5.856915553039251e-05,9.761525921732083e-06,0.0,0.0,0.0046172017609792775,0.07939049032144704,0.07473424245678084,0.00030260730357369465,0.0005954530812256572,0.007877551418837794,0.3360014837519401,0.0048026707534921855,0.02884530909871831,0.0009761525921732086,0.0032603496578585164,0.012611891490877854,0.002744090704477553,1.3065911976278803,0.020489536948106755,0.0022410431036991763,0.18436003948423943,4.81304724628056,0.0,1.2594790140143952,0.007043278325911697,0.0010768648680112925,0.0,0.0,0.06997685423103311,2.8656222495861408,0.0016397406793819558,0.48512537014598306,0.07451731687914079,0.0017462673535318257,0.07559190119287978,0.027637153656995872,1.8747443325621664,0.5842891793534294,0.00046567129427515353,8.731336767659129e-05,0.004469525452728216,0.02924379909713283,0.007376123158665541,0.015445231599988042,0.03252791381843169,1.9730165560220068,0.3939014151761841,1.2151485549565537,0.49133835083579547,0.23937561990367356,0.27951113109549053,0.010546367944726317,0.05717287017004412,4.265640656757599,0.49133835083579547,0.09938190213082419,1.1856516146447402,0.28883094475171855,0.0035568202027387516,0.250867851515359,0.08518174388405057,3.44029129370465,1.3803629576836924,0.0017784101013693758,0.0,0.009231062897805275,0.11725329337362919,0.03168209145608505,0.0398890701893722,0.09961030550117651,3.292417862013737,0.9811044349424826,2.1425471552445505,0.5832036223688223,0.21859322453779848,0.4922994204984228,0.047108658159273106,0.047734331558571895,4.771937722390311,0.5832036223688223,3.608034266521465,0.6513047805175392,0.27016173150617484,0.5110300515640384,0.04572384462038828,0.07201095197859064,4.7269059751392195,0.6513047805175392,0.30381353593322363,0.6012426275254394,0.03939242383563769,0.09059966933270759,4.966298197233894,0.7119555012204976,2.36183274081212,1.6036809344873029,1.6130727063283337,0.010285747808016223,1.9139364900073454,1.033480075305838,0.5730275153843749,0.6978698777885319,1.1175679420497928,1.8366064211394464,1.7166535747774176,0.6754205024683712,1.0
4,0.012195121951219513,0.0,0.021341463414634148,0.9664634146341464,0.006826568265682657,0.1348708487084871,0.7372693726937269,0.12103321033210332,0.9490774907749078,0.05092250922509225,0.006645744877238324,0.0001846040243677312,0.1312534613254569,0.003692080487354625,0.701864500646114,0.035259368654236664,0.10983939449880008,0.011260845486431605,0.0,0.9644322845417236,0.016415868673050615,0.019151846785225718,0.006973500697350071,0.0,0.0,0.9511854951185496,0.02510460251046025,0.0,0.0,0.0,0.013947001394700141,0.0027894002789400282,0.002002002002002002,0.03403403403403404,0.002752752752752753,0.0,0.9612112112112112,0.0,0.006839945280437756,0.0,0.0,0.0,0.0,0.93296853625171,0.024623803009575927,0.0,0.0,0.0,0.013679890560875513,0.002735978112175102,0.0,0.0,0.019151846785225718,0.0,0.030226700251889168,0.0,0.14798488664987405,0.0025188916876574307,0.002938706968933669,0.8085642317380353,0.0,0.0077665827036104106,0.0,0.9939024390243902,0.0,0.0,0.0,0.006097560975609756,0.0,0.0,0.0,0.0,0.0,0.0,0.0,0.0,0.012195121951219513,0.0,0.021341463414634148,0.0,0.006097560975609756,0.9603658536585366,0.0,0.0,0.0,0.125830258302583,0.0009225092250922508,0.0,0.0,0.0,0.0,0.0033210332103321034,0.0018450184501845016,0.0,0.0,0.0,0.0003690036900369004,0.0,0.0,0.0,0.0,0.0,0.0,0.0014760147601476016,0.0,0.002583025830258303,0.0,0.0007380073800738008,0.1162361623616236,0.002583025830258303,0.0,0.0,0.0,0.7086715867158672,0.0014760147601476016,0.025092250922509225,0.002029520295202952,0.0,0.0,0.0,0.0,0.0,0.0,0.0,0.0,0.0,0.0,0.011299435028248588,0.0,0.04519774011299435,0.0,0.03389830508474576,2.9913130151500584,0.0,0.005649717514124294,0.0,0.0,0.0,0.0,1.3285897474523873,0.17610127119458932,0.0,0.0,0.0,0.005649717514124294,0.011299435028248588,0.0,0.0,0.12013933619486103,0.0,0.48327254786092594,0.0,0.0903954802259887,1.1982623408556556,0.07398156782513046,0.0,4.812126441972461,0.0,0.0,0.01644736842105263,0.0,0.0,0.0,0.0,3.406907647730995,0.27638009871267716,0.0,0.0,0.0,0.006578947368421052,0.019736842105263157,0.0,0.0,0.020295805925797078,0.0,0.06219907465876686,0.0,0.003289473684210526,0.04603405735808835,0.005213692436582751,0.0,4.086666148150273,0.0,2.1564793440509176,0.0,0.0,3.314987955692024,0.0,0.0,4.965708584826071,0.0,0.017191977077363897,0.4013951153283345,0.010272098855934544,0.0,4.969091020617333,0.0,1.416230912262775,0.05363316840061029,0.2968751441107787,0.243542989347976,0.4914501842526233,0.2570032057278132,0.2238125551345859,0.2621991373562628,0.3617263532712804,2.0128998538368643,1.1318732857066454,0.29030286018113505,1.0
5,0.0578112395805324,0.3100295778435063,0.29282065071255714,0.3393385318634041,0.10393777345649004,0.2863879436071949,0.4288770053475936,0.18079727758872144,0.9840544482255712,0.01594555177442878,0.10335086693941163,0.0005844535359438924,0.284434054159361,0.0018507695304889925,0.4281609195402299,0.0013637249172024158,0.16992986557568673,0.010325345801675434,0.005601765404854863,0.6956374130028857,0.17738923782040397,0.12137158377185538,0.022943807116468987,0.0,0.13474625704841536,0.6330935251798561,0.0060276103441571065,0.0040832199105580395,0.0001944390433599067,0.0876920085553179,0.11024693758506708,0.0009721952167995332,0.04386760371797778,0.012242121967807754,0.0012468827930174565,0.0020403536613012928,0.9061437315801406,0.034459306279755166,0.0201433936497098,0.000512120177534995,0.0,0.1182997610105838,0.001707067258449983,0.5536019119153295,0.005291908501194947,0.003584841242744964,0.00017070672584499832,0.07698873335609423,0.09679071355411403,0.0008535336292249915,0.00017070672584499832,0.0100716968248549,0.11147149197678388,0.00034141345168999665,0.02937511126936087,0.0019583407512907248,0.24319031511483,0.06201412379087295,0.0424307162779657,0.4761141772001662,0.018040472375526674,0.12687674321998693,0.05727346060769024,0.7343371874159721,0.1852648561441248,0.0002688894864210809,0.021780048400107558,0.0010755579456843238,0.010755579456843238,0.046517881150847006,0.008335574079053509,0.09626243613874698,0.0002688894864210809,0.08066684592632427,0.014520032266738368,0.007260016133369184,0.049475665501478895,0.3100295778435063,0.17101371336380747,0.0002688894864210809,0.0008066684592632429,0.20381823070717936,0.0019445794846864363,0.008410306271268838,0.0016042780748663102,0.15765678172095285,0.005736509479824989,0.00014584346135148275,0.0,0.03368983957219252,0.00048614487117160907,0.0015070491006319885,0.02756441419543024,0.0010209042294603793,4.8614487117160904e-05,0.02192513368983957,0.00024307243558580453,0.0015070491006319885,0.01740398638794361,4.8614487117160904e-05,0.014584346135148274,0.002625182304326689,0.0013125911521633447,0.008945065629557608,0.056052503646086535,0.030918813806514338,4.8614487117160904e-05,0.00014584346135148275,0.03684978123480797,0.03174526008750608,4.8614487117160904e-05,0.0028682547399124943,9.722897423432181e-05,0.3886242100145844,0.018813806514341273,0.005250364608653379,0.0005347593582887701,0.0008750607681088965,0.014778804083616918,0.4042414661525853,0.9062826041694908,0.32641965800962736,1.6582475731331494,0.0,1.5028213737426706,0.024417500008521303,0.05441568927916176,1.1619968325058374,3.0768442438830617,2.3477238227065578,0.0,0.0,2.0592075093966034,0.03122094092029962,0.3910572697662701,0.011816192560175055,0.0,0.5240568743645041,0.036761487964989056,1.9618221677576595,0.07003043764054875,0.028529310726519114,0.0,0.27371148256680516,0.58992500085462,0.004814004376367615,0.0,0.04718901747514726,0.8133940028755391,0.0,2.2883431179297022,1.0710122157958553,0.42577673892085,0.1262795951954638,0.0006936378558954731,0.003137822757742806,4.72823137655008,1.0710122157958553,0.47061927684427485,1.1414274986558222,0.04423748544819558,0.0,2.717284828247064,0.20308498620369964,4.892619099024185,0.3898440474133611,0.1899712929481818,0.0017462165308498253,1.9204237120861047,2.2765911624932436,0.020954598370197905,0.0,0.6029555496793944,1.923475088135153,0.0032013969732246797,3.146342178081583,0.22786161911697309,0.3418910633878245,0.040191371513578336,0.0010433534635393353,0.002910360884749709,3.871519314663456,0.22786161911697309,3.628781221442354,0.8131158971887854,0.4037147006281912,0.06906698359206596,0.007205764611689352,0.04430732586299809,4.635893329155595,0.8131158971887854,0.4839487045320352,0.1088624689306132,0.009553689193356854,0.03626563892139039,5.015663348416691,0.9854920582670028,1.9169887339098617,1.1481124511215302,2.7485277254092635,1.8095006189564573,2.0879172934706305,1.2179918221865178,0.5251656228253148,0.6021788349359699,1.6797388509906277,2.0794597578324354,1.8260562641656042,0.11802631605581472,0.0
6,0.0,0.00039782522211908233,0.9156610529107544,0.08394112186712638,0.07231681652955807,0.018248443731512413,0.5765036570469897,0.3329310826919398,0.8956453915321334,0.10435460846786657,0.0668465758272872,0.005559487996224857,0.017754969621895832,0.00033917300772724594,0.550861204506577,0.02632277473013626,0.2620185217955524,0.07029729251459918,0.042741935483870966,0.5145161290322581,0.02741935483870968,0.4153225806451613,0.12797619047619047,0.0,0.043154761904761904,0.7574404761904762,0.02083333333333333,0.001488095238095238,0.0,0.0,0.049107142857142856,0.0,0.1764180323684076,0.04347271149231633,0.05804870577423801,0.002093225098279471,0.7128707816408842,0.007096543625874305,0.07245155855096883,0.0058972198820556035,0.0,0.02443133951137321,0.003369839932603201,0.41954507160909854,0.011794439764111205,0.0008424599831508003,0.0,0.0,0.02780117944397641,0.0,0.008424599831508003,0.0016849199663016006,0.4170176916596461,0.006739679865206402,0.190037063183904,0.0011692552064948814,0.014075185315919518,0.0007500882456759619,0.011361630780091777,0.6680638898693964,0.006133074479350512,0.10840981291916696,0.007205056800601158,0.962073995491314,0.006409406356362993,4.420280245767582e-05,0.0010166644565265438,0.02325067409273748,0.0029173849622066038,0.004287671838394554,0.0,0.003668832603987093,4.420280245767582e-05,0.0027405737523759012,0.0005304336294921098,0.000486230827034434,0.0,0.00039782522211908233,0.8893161826459798,0.019228219069088982,0.004022455023648499,0.07235998762321531,0.0009712881340966283,0.0014274992273844386,0.0007799738046533533,0.007328810466365469,0.0012656178717016676,0.00010301540816176364,0.0,0.0004267781195273065,5.886594752100779e-05,0.00020603081632352725,0.00048564406704831436,1.4716486880251947e-05,0.0,0.0,0.0,0.0,0.0012214684110609115,1.4716486880251947e-05,0.0009124221865756207,0.00017659784256302336,0.0001618813556827714,0.0,0.0001324483819222675,0.2960809995437889,0.006401671792909597,0.0013392003061029269,0.02409088902297244,0.007284661005724714,0.00014716486880251946,2.9432973760503887e-05,0.00011773189504201555,0.41097261261791584,0.1017056408294212,0.025062177157069064,0.033465291165692926,0.0012067519241806596,0.004091183352710041,0.110512594199359,0.10224836696338939,0.0,0.09964660333601734,0.0036009445100354193,0.05254274599962154,0.012668507231958387,0.012908096961944324,0.0,0.014165698055438901,5.338556324020795,0.448228968562729,0.07683106027787688,1.11012809933737,0.0024370845640581027,0.08090163369093657,0.004363453533804022,0.0,0.008121994722631509,5.90318772136954e-05,0.17413503578509357,0.011617118507642937,0.0001180637544273908,0.0,0.0,0.014020647875107848,0.0,0.007472547963442808,0.0018890200708382527,0.4047061630948136,0.009681227863046045,2.579596639209632,0.051229185863492066,2.3001917042094497,0.7497592010259947,1.262181820497239,0.025133109641499493,4.010853367677053,0.051229185863492066,0.20788040690735687,0.49099003980551276,0.2534557999975651,0.0,0.4763669812609958,0.19145513111452084,1.4092410301445,0.2626159394754282,0.004398826979472141,0.0,0.0,0.109999340188642,0.0,0.016129032258064516,0.002932551319648094,0.9663820821202682,0.007331378299120235,2.7397194707828953,0.07973069175283663,1.4933655672897597,1.1891389008676891,0.5016202633940022,0.3188580432456602,5.151419211716336,0.07973069175283663,3.268477086967641,0.12667673328757206,2.5480013471919096,1.0104651184066606,1.399911449815686,0.094719328064104,3.9338091027050477,0.12667673328757206,1.7635759980099246,0.48524936398742147,0.8118618381950105,0.026472928541712907,4.958384471469597,0.13615261457161493,1.6995928256851938,0.26840269151277657,0.6689880300287572,0.4178837129727181,1.7256089745703096,1.1739705670810883,0.5466841984711068,0.8600287898329475,1.2008270235017582,2.3248526870082964,1.3317433965142795,0.4046953635347891,0.0
7,0.8609311518612056,0.002498078401229823,0.0023608213462171955,0.1342099483913473,0.030776592516514555,0.06262692280759086,0.4814430102005088,0.4251534744753857,0.9603533997805841,0.03964660021941598,0.029790217962952142,0.0010284578975048207,0.06154385554841349,0.0010635189621924853,0.4725530298603401,0.009291182142231052,0.3977794659031146,0.026950271723251328,0.007640700708162505,0.317554975773388,0.0011181513231457323,0.6736861721953038,0.1304093567251462,0.0011695906432748536,0.0040935672514619895,0.8368421052631579,0.023976608187134502,0.0,0.0,0.0,0.003508771929824561,0.0,0.03684759157353761,0.049889699643645,0.0030302295701922373,0.00196358876148457,0.8973600639984485,0.010908826452692056,0.041877934272300466,0.0015023474178403756,0.0003755868544600939,0.0013145539906103286,0.0,0.2672300469483568,0.007699530516431925,0.0,0.0,0.0,0.0011267605633802818,0.0,0.0003755868544600939,0.0005633802816901409,0.6692957746478874,0.008638497652582159,0.07264384618508142,0.0008324197019531407,0.034596174929954926,0.00012181751735899621,0.07339505420879522,0.7557355747756528,0.009136313801924716,0.053538798879278836,0.0051334138574722745,0.9897331722850554,0.0012627649061161745,0.0,0.0006862852750631383,0.003184363676292961,0.0,0.0051334138574722745,0.00019215987701767868,0.0,0.0,0.0010706050290984956,0.0005764796310530362,0.00010980564401010212,0.8607389919841879,0.002498078401229823,0.0017843417151641593,0.0,0.003184363676292961,0.12471176018447347,0.0,0.00218248873742443,0.00047851357344599806,0.016607922317406223,0.00260264699703555,9.336850213580449e-05,2.334212553395112e-05,8.169743936882893e-05,0.0,0.00047851357344599806,7.002637660185335e-05,0.0,0.0,0.0,0.0,8.169743936882893e-05,0.0,0.0,0.0004551714479120469,0.0002450923181064868,4.668425106790224e-05,0.3659461730585187,0.001062066711794776,0.0007586190798534113,0.0,0.001353843280969165,0.05302163815036997,0.0415956677015009,2.334212553395112e-05,3.5013188300926675e-05,0.0005368688872808756,0.4320277304451343,0.01774001540580285,0.024019047174435704,0.0014588828458719449,0.0009453560841250203,0.005251978245139002,0.0,0.0654743909934047,0.0018816642274722976,0.0,0.0,0.02154040179901943,0.009146852513535348,0.001338072339535856,5.905728338107321,0.05797238041017847,0.018198161196686186,0.0,0.08307553700422526,2.5614814617567228,0.026198131856757016,0.2442816808584345,0.004181476061049551,0.005477733639974911,0.0020489232699142795,0.0,0.5851626678799738,0.041730224619014496,0.0,0.0,0.0,0.0032615513276186493,0.0,0.002007108509303784,0.00037633284549445955,1.2879078576470102,0.022964352395915398,1.189152288683668,0.0940032679051687,0.3952481636171282,0.7195570015399961,0.016918811256582046,0.03226675488444893,4.754871231803295,0.0940032679051687,0.01666270821615562,0.34190308489996724,0.002584721424468696,0.00832854681217691,0.0068925904652498565,0.0,1.0533704653076503,0.10875450518937382,0.0,0.0,0.0,0.007466973004020678,0.0,0.002871912693854107,0.002871912693854107,3.2674006850222024,0.20108876803847742,1.9842025520601807,0.2039188669801751,0.40517211888780147,0.620628249852413,0.023354947758439795,0.037023419288672935,5.3472128984810245,0.2039188669801751,2.7314149420408302,0.49188253503969936,0.46679838761100206,1.0492270815151141,0.027470710105188634,0.07936393995283737,5.444114953316513,0.49188253503969936,0.5167884290565585,0.7729642911560886,0.03164001566236514,0.033319607166067536,5.63008551415631,0.2329526923781205,1.635051027598613,0.08587373882191743,0.6462784909179153,0.5875394399081615,1.2401896866403026,0.9400368921554766,0.50616567573354,0.621064332808773,0.7936737649765395,2.3312839984086215,1.4203654591045831,0.2311504061688973,1.0
8,0.002183406113537118,0.007035419699175158,0.7442988840368753,0.24648229015041245,0.10476439915236076,0.5304173908902593,0.2666730160241911,0.09814519393318888,0.9433319840948594,0.0566680159051406,0.1015405483964732,0.0030035849239414786,0.5167134967541905,0.016083712818525338,0.2618932274004457,0.008913864935568259,0.07952233310725705,0.012329231663598488,0.10109081115051398,0.6409749966332989,0.11585940656282265,0.14207478565336445,0.15652431791221827,0.0,0.010379596678529062,0.6599051008303677,0.0201067615658363,0.037307236061684464,0.0,0.002669039145907473,0.1087188612099644,0.0043890865954922895,0.0067857142857142855,0.19607142857142856,0.004375,0.005178571428571428,0.7804464285714285,0.0071428571428571435,0.1317852684144819,0.006891385767790262,0.0,0.008739076154806492,0.002846441947565543,0.5458676654182272,0.016928838951310858,0.031410736579275914,0.0,0.0022471910112359553,0.09153558052434456,0.0036953807740324604,0.0,0.0008988764044943821,0.15151061173533084,0.005642946317103621,0.059983631227393926,0.059455606304617575,0.37698339361617866,0.06814161628428862,0.08355994402935818,0.2335982258362595,0.0021120996911054204,0.11616548301079813,0.1101407083939835,0.7464822901504125,0.04148471615720524,0.000485201358563804,0.01892285298398836,0.08248423095584667,0.07278020378457059,0.037360504609412905,0.000485201358563804,0.03032508491023775,0.000485201358563804,0.010674429888403688,0.0121300339640951,0.006792819019893257,0.0016982047549733142,0.007035419699175158,0.5950994662785056,0.033964095099466275,0.0485201358563804,0.14264919941775836,0.0071430272149336895,0.0036667539703326268,0.053620324293435564,0.2602681016214672,0.06283482940070002,0.003285792518869497,0.0,0.004166765875377986,0.0013571751708374008,0.00807162075287507,0.04364389628324484,0.014976547060644304,0.0,0.0010714540822400534,0.0017619467130169765,4.762018143289126e-05,0.002976261339555704,4.762018143289126e-05,0.0010476439915236078,0.0011905045358222815,0.0006666825400604776,0.0001666706350151194,0.0006904926307769232,0.05840615252744113,0.0033334127003023877,0.004762018143289126,0.01400033334127003,0.07223981523369602,0.0,0.00042858163289602127,0.002690540250958356,0.2081240029524513,0.001809566894449868,0.0522869592133146,0.0011666944451058359,0.0013809852615538464,0.0019048072573156505,0.5411980425436785,0.2358503338504305,0.004511278195488722,0.41056018109107545,0.0007518796992481203,0.0869010312218743,0.10411238554786865,0.05946919236895617,0.020804454888302487,0.06720108552712913,3.7978593577805713,0.5525661847228845,0.11177580156159753,0.9107413429195775,0.6440407494369979,1.7724764673168585,0.3763102254069038,0.0,0.35797496134402707,0.058689581772068414,2.4305769365098833,0.2584432364728501,0.7665997521439731,0.0,0.047277497632885995,1.3653501538020494,0.04421103099305597,0.0,0.012406015037593985,1.5742057190334497,0.17941137731253456,3.0654078425516595,0.09289233513830256,0.0667913662778516,0.8905971668054151,0.003227429511549307,0.06240172574986061,2.661556555442728,0.09289233513830256,1.867669905766577,1.360576476145724,0.3057966178683307,0.0,0.544004377651459,0.20684872691600772,5.107258161012746,1.0692084058701936,0.6865552069917077,0.0,0.19120115731560455,2.0295637158617343,0.2260553233341783,0.0,0.03527944049242055,1.6146063616509811,0.16359621778595906,3.2490282489919844,0.04844263005480633,0.09817775527361582,1.6160894773994803,0.09322751644262983,0.021004575807208586,3.2016882788349466,0.04844263005480633,3.670579846805345,0.12904992106940744,0.07536452707446072,1.4571811173845743,0.06484542605762215,0.04675678658213678,3.342963853050742,0.12904992106940744,0.14556316419826307,2.142879563869261,0.10465265386302731,0.08259309629657431,4.4760707136518985,0.15735143704939705,1.8332382011676467,1.1593872558857778,1.955140754162179,0.8807119735087785,1.674930722535228,1.4393714204559647,0.7660795539162814,0.8869049500245303,1.1067592310764884,2.2283787791704013,1.6063083557029048,0.31115415122063245,0.0
9,0.0016430073606729758,0.008543638275499475,0.9616193480546792,0.02819400630914827,0.09430773791876668,0.24942187963237475,0.4307144974799881,0.22555588496887044,0.9293803735546992,0.07061962644530093,0.09151985667363392,0.0029411764705882357,0.2418184532696327,0.004882054344580472,0.4210958495073156,0.01118244252015527,0.1816064496864736,0.04495371752762019,0.01295613930821348,0.4056222512777844,0.1255200285272792,0.455901580886723,0.13606355600313305,0.00011189437171310283,0.10417366006489874,0.507105292603782,0.01622468389839991,0.011972697773302005,0.0,0.02842117041512812,0.19089179814255344,0.005035246727089627,0.0653909691629956,0.0483204845814978,0.006986508810572687,0.0009980726872246696,0.8623692180616741,0.015934746696035243,0.07321772639691715,0.00855009633911368,6.021194605009634e-05,0.05605732177263969,0.009633911368015412,0.2546965317919075,0.008730732177263969,0.006442678227360308,0.0,0.015293834296724469,0.10272157996146436,0.002709537572254335,0.001083815028901734,0.021616088631984585,0.4309971098265896,0.008188824662813102,0.06324171196692444,0.004172727968761963,0.13063701094862568,0.040425694816629665,0.14683025802005972,0.4840555853303729,0.008862261695122884,0.1217747492535028,0.0,0.9928364879074658,6.572029442691903e-05,0.0,0.0015115667718191375,0.005586225026288118,0.0,0.0,0.0,0.0,0.0,6.572029442691903e-05,0.0006572029442691904,0.0008543638275499473,0.0016430073606729758,0.008543638275499475,0.9565588853838064,0.0044032597266035756,0.0011829652996845426,0.026090956887486857,0.0,0.0,0.0032315446190335014,0.06270382448858583,0.01802549659057219,0.0021049510821227395,1.4823599169878448e-05,0.013800770827156831,0.0023717758671805518,0.0021494218796323746,0.02528906018381263,0.0015861251111769935,0.0,0.003765194189149126,0.0006670619626445301,0.0,0.0,0.0,1.4823599169878448e-05,0.00014823599169878446,0.00019270678920841984,0.0003705899792469612,0.0019270678920841984,0.2157574859175808,0.000993181144381856,0.0002668247850578121,0.005884968870441743,0.10610732285798992,0.0002668247850578121,0.005321672101986362,0.0020160094871034687,0.3714349243996442,0.02816483842276905,0.020812333234509338,0.003009190631485325,0.00042988437592647496,0.006863326415653721,0.0,0.0,0.0,0.0,0.0,0.00023025558369790466,0.01731668551102746,0.010828575572579192,0.01907018334408046,0.12664753170911525,5.848388270129454,0.18731089973249068,0.04067923670307214,0.5039172625333768,0.018046003980556127,0.7770117308082535,0.1627780713243871,0.0021874280451300945,0.9734269684132194,0.19837731724830945,1.5019640547780657,0.13515281487251626,0.023020944180497115,0.0,0.14991884631732344,0.31105294603044964,0.03211459533162344,0.0,0.6047631777489344,3.1487274865513566,0.20947780007441444,1.9414415704990933,0.04136920656041887,1.1718406979435454,0.8258238767367372,0.15528153411367018,0.01313566263017554,3.811453927309425,0.04136920656041887,0.5131617681399773,1.8493287667894174,0.2936521109128765,0.000331858407079646,1.440043874848279,0.2863135502334839,3.161592316027811,0.3196690065369849,0.3979511287368309,0.0,0.6609594447955226,1.5812040484465635,0.1464084883335865,0.008150409292673591,0.7209984069254757,3.9983296127293135,0.2786183550073965,3.0490638296205876,0.22483328797344512,1.4916281049954796,1.0022010021570313,0.2958969546481133,0.03772267973509433,4.78034533267848,0.22483328797344512,4.406142866587635,0.4478710911667166,1.1240787157536483,0.6177422764141469,0.13199554126429924,0.029111040569848742,4.897844198891678,0.4478710911667166,1.1583161510370292,0.7100991572106032,0.18164352983926482,0.028157082116943108,5.575669274959708,0.32659401067070376,1.91527012584,0.06338359694071989,0.25203041046520164,0.1928309153187694,2.3100711912470624,1.409558634583723,0.5334359289095015,0.7097118777762841,1.913232847884451,1.8238690993105462,1.629186931308546,0.34258652287875263,0.0
10,0.01618736008265886,0.0017220595832615811,0.09436886516273464,0.8877217151713449,0.0967817815610344,0.5644158249900763,0.2534291889031006,0.08537320454578867,0.8716535085784854,0.12834649142151458,0.08973107704319885,0.008363488941275395,0.5018994279193382,0.05822910253907716,0.2390576435081608,0.018633913422123456,0.059550443700355865,0.02453490292647037,0.045297074835247836,0.8396499179495194,0.07394962360970019,0.04110338360553255,0.01856075725608713,0.00022808918287050238,0.04385014540685408,0.7598791127330786,0.09653874664994012,0.00025660033072931514,0.0,0.016992644123852426,0.057193362604778475,0.006500541711809318,0.011080171713655877,0.08910546467107554,0.004118807286228101,0.008643694164056154,0.8653556096995011,0.021696252465483238,0.01776165011459129,0.007966823092873512,0.0008185092218705664,0.041962239441231036,0.0209538360798865,0.6976426934410128,0.09238240750845793,0.0002455527665611699,2.7283640729018883e-05,0.016261049874495254,0.054703699661682856,0.006220670086216305,8.185092218705664e-05,0.0030557677616501145,0.03563243479209865,0.004283531594455965,0.027759917700765125,0.02795280653250177,0.5181476242525558,0.045634282775027325,0.02536488137336848,0.24331318716646305,0.00601170192245869,0.10581559827685977,0.0340967797485793,0.5820561391424143,0.1043568107456518,0.004305148958153952,0.00447735491648011,0.2707077664887205,0.0005166178749784744,0.03358016187360083,0.004132942999827794,0.0048217668331324275,0.004305148958153952,0.09540210091269158,0.0,0.00447735491648011,0.012054417082831066,0.0017220595832615811,0.08661959703805752,0.002410883416566213,0.2682968830721543,0.4816600654382642,4.410532351254797e-05,0.002866846028315618,0.02556638586277364,0.3759243740719505,0.009570855202222908,0.0042929181552213355,0.0004410532351254797,0.022611329187432926,0.01129096281921228,0.04978020847116247,0.029477057880886226,0.0001323159705376439,1.4701774504182654e-05,0.008762257604492863,0.003352004586953645,0.00035284258810038373,0.0004116496861171144,0.0003675443626045664,0.008144783075317191,0.0,0.000382246137108749,0.0010291242152927855,0.00014701774504182654,0.007394992575603877,0.0002058248430585572,0.02290536467751657,0.04112086328819889,0.019200517502462548,4.410532351254797e-05,0.0016465987444684574,0.002308178597156677,0.21930637027889266,0.002808038930298887,0.02258192563842456,0.0010438259897969683,0.002190564401123216,0.005498463664564314,0.018817934127978473,0.3982888296808116,0.059807140581841146,0.10241816313594408,0.09114506307540846,0.719477432184077,0.0,0.11821328042553983,0.21987868856455542,0.0493290627284498,1.3133844522589797,0.10698507206828574,1.4542623393385772,3.3508062137399444,0.7226599178872432,0.7486159147445874,0.43169271355740907,0.0721913780660246,1.6589619426566793,1.0886720817581843,4.892219073078977,2.3929908664603707,0.033422136110438365,0.003875030273674013,0.8225058911031041,1.5475734781655708,0.43516616397993224,0.005328166626301768,0.20852906560157022,1.2102856120721586,0.3146554264031271,2.652214022226011,0.10251813960651976,0.12528670842642284,0.5503386889429792,0.03795089610424393,0.015182676456065558,2.378037644070962,0.10251813960651976,1.3687457396885123,0.8192627783838237,0.5156598146585438,0.07308844146022572,2.0319048085446596,1.2622157312218145,5.807681825975624,2.819550375249198,0.029025474101617762,0.006006411337944997,0.9747577477210069,1.9280659746549025,0.5246555434451439,0.0019125932176740084,0.23599306620111435,1.6126759253462892,0.35513236425858413,3.084517451229901,0.10522141685537821,0.084596801846867,0.6897044313385744,0.028742939094236288,0.02905946546113601,2.628734995534775,0.10522141685537821,3.728589578291942,0.23827207440805606,0.11054376025204216,1.0013145494052287,0.04568235278150151,0.10382294302579229,3.3885668146608676,0.23827207440805606,0.1930723831784869,0.8700582783439156,0.06805447687865612,0.07475519931220281,4.361361275149763,0.20739797734133722,1.9745096290893622,1.3350845082191227,1.7986073462501204,0.53713240024673,1.7585416807122987,0.8903596760506364,0.6038481625199086,0.7542514135062837,1.3195793324549236,2.329248805869583,1.4869984747391034,0.5571469840693264,1.0
11,0.00018462106526354657,0.0005077079294747532,0.9160435705714022,0.0832641004338595,0.08093677644647444,0.21386186216582107,0.4310765843845288,0.2741247770031757,0.8595974037476118,0.14040259625238813,0.07685936723538181,0.004357742638345587,0.20142454861686268,0.01072871140785668,0.4057032912424664,0.026809036582102676,0.18170002930645635,0.0924172729705279,0.0,0.8493166893450866,0.020173933621250667,0.13050937703366267,0.15343267333469415,0.0004082465809348847,0.003129890453834116,0.7719942845478669,0.04783289106620399,0.0026536027760767503,6.804109682248077e-05,0.0002721643872899231,0.016874192011975233,0.0033340137443015577,0.020956238443250855,0.059287957500513626,0.004989580581726395,0.004373220627513134,0.8830970620175516,0.0272959408294444,0.13340827072117376,0.013784535289593563,0.0003549665739809501,0.0027214104005206176,0.0011832219132698338,0.6562740341951133,0.04159025025143466,0.0023072827308761763,5.916109566349169e-05,0.00023664438265396675,0.014671951724545938,0.002898893687511093,0.0010648997219428503,0.0004141276696444418,0.12370585103236112,0.005324498609714253,0.04765473845671158,0.0,0.25023095292046504,0.005943769500270171,0.03845148245629325,0.530006449251364,0.016210280455282285,0.11150232695961376,0.002123142250530785,0.8996122957629465,0.006923289947382997,0.0002307763315794332,0.04989384288747346,0.04121665282008677,0.0002307763315794332,0.0018923659189513523,0.00013846579894765993,0.0002307763315794332,0.0002307763315794332,0.006554047816855904,0.0476783901043109,0.002215452783162559,4.615526631588664e-05,0.0005077079294747532,0.8406720206775593,0.027231607126373118,0.013985045693713652,0.05838641188959661,6.326151043182307e-05,0.0005187443855409492,0.0,0.14035198704404267,0.028530941204752205,0.002947986386122955,7.591381251818769e-05,0.0005820058959727722,0.00025304604172729235,0.008894568366714324,0.0031377709174184244,0.0004934397813682199,1.2652302086364616e-05,5.060920834545846e-05,0.0006199628022318662,3.7956906259093845e-05,6.326151043182307e-05,6.326151043182307e-05,0.0017966268962637754,0.013069828055214646,0.0006073105001455014,1.2652302086364616e-05,0.00013917532295001076,0.2304490302010451,0.0074648582309551235,0.003833647532168478,0.01600516213925124,0.02645596366258841,0.00022774143755456303,8.85661146045523e-05,0.0011387071877728152,0.3806824651745385,0.009033743689664336,0.02555765021445652,0.0021508913546819846,0.0018851930108683282,0.011766640940319092,0.008736541389749266,0.015281506251199428,0.0,0.012185726842106549,0.0,0.026521439386586857,0.947315987311697,0.061615782238820846,0.002102058567700783,0.007719156363945082,5.2345911338148685,0.5651270511277844,0.26056741873033085,1.2008563473567515,0.0,1.0719106319957412,0.13577913366345562,0.001304726007538417,0.010803184119887245,0.006306175703102349,2.004540747005739,0.2711157873431355,0.033240091987610076,0.0,0.0009423021165555234,0.12041812531207516,0.021251994543599308,0.01080023195129023,0.006835587309640347,1.1099954048247662,0.05152872956836586,2.6441414022845513,0.5109587891285686,0.36053870904564805,0.5964157904657755,0.05944166859780986,0.05578245098360571,4.090338759795893,0.5109587891285686,0.0,2.9059929314335937,0.7987931883834564,0.04078894682599936,0.33480882378720994,0.16034151572435973,5.128330545211328,1.5942585373331017,0.18843583737990255,0.01640112464854733,0.06757629803348712,0.6719558993379388,0.3162051757991232,0.04345850633108193,0.009725814199701723,2.281847168550463,0.1978070002686313,3.051466089796546,0.4655204861932922,0.8733574644497638,0.6512006162114903,0.15754885213025094,0.04984792085465302,5.131665828264577,0.4655204861932922,3.7109703854286384,0.7075444494086611,0.5162593427411202,0.6653889834596132,0.0970422889876939,0.08074677636772058,5.018711457635476,0.7075444494086611,0.6449536967620353,0.8426937355562353,0.1316897203090042,0.08198544630938231,5.44650130323483,0.645293977023483,2.261880886512097,0.6030100807458751,0.9746032195365175,0.42274522394679287,1.6410180583148612,0.6829776078495093,0.5840722188437487,0.7353024724213486,1.0993299999580453,2.7588972972846655,1.7764927794297392,0.5870868664172249,0.0
12,0.0,0.00010999890001099988,0.970960290397096,0.02892971070289297,0.034412808809679056,0.063899152358183,0.24306310222415414,0.6586249366079838,0.9025574150546982,0.09744258494530177,0.032475534613990574,0.0019572308807538964,0.061689017760058,0.0017397607828923524,0.2390721275824574,0.004059441826748822,0.5698441464298659,0.08916274012323305,0.0,0.8333333333333334,0.0782312925170068,0.08843537414965986,0.03980099502487562,0.0,0.009950248756218905,0.8432835820895522,0.02114427860696517,0.0024875621890547268,0.0,0.0,0.07711442786069651,0.006218905472636815,0.005961251862891207,0.27123695976154993,0.004172876304023845,0.0005961251862891207,0.7171385991058122,0.0008941877794336811,0.036281179138322,0.005668934240362812,0.0,0.0090702947845805,0.002267573696145125,0.7607709750566893,0.01927437641723356,0.002267573696145125,0.0,0.0,0.07029478458049887,0.005668934240362812,0.0,0.0,0.08616780045351474,0.002267573696145125,0.1973684210526316,0.0,0.15598471986417656,0.01464346349745331,0.016553480475382003,0.5140067911714771,0.0006366723259762308,0.10080645161290322,0.0006599934000659992,0.8765812341876581,0.06060939390606094,0.0004399956000439996,0.002089979100208998,0.05961940380596194,0.00010999890001099988,0.0005499945000549994,0.0,0.05818941810581895,0.0004399956000439996,0.0024199758002419977,0.002089979100208998,0.0,0.0,0.00010999890001099988,0.8607413925860742,0.04982950170498295,0.00978990210097899,0.015729842701572985,7.244801854669275e-05,0.00036224009273346376,0.0,0.048612620444830834,0.002318336593494168,0.00036224009273346376,0.0,0.000579584148373542,0.0001448960370933855,0.0012316163152937768,0.00449177714989495,0.0001448960370933855,0.0,0.0,0.00036224009273346376,0.0,0.03832500181120047,0.000289792074186771,0.0015938564080272405,0.0013765123523871625,0.0,0.0,7.244801854669275e-05,0.5669057451278707,0.032818952401651814,0.006447873650655654,0.010360066652177063,0.005506049409548649,0.0,0.0,0.0001448960370933855,0.17430993262334274,0.001448960370933855,0.0659276968774904,0.0010142722596536984,0.0001448960370933855,0.00021734405564007825,0.00036429872495446266,0.023583549640298802,0.0,0.680212268054156,0.012750455373406194,0.08771212534468648,0.11456206450802368,0.0,0.0,0.012204007285974499,5.750807072062375,1.6472530614338337,0.40718529907252127,0.5575980570007355,0.0,0.16660942169074897,0.022421627960846645,0.0,0.033656545994684414,0.005282331511839709,0.7930928414686044,0.07790213343242076,0.008014571948998178,0.0,0.0,0.2417884691694959,0.021548954922367594,0.0,0.0,0.27007224723633466,0.01347905282331512,1.3883610600215954,0.0,0.031879222777802474,1.987714993354708,0.046005177601145475,0.0,2.385652158767516,0.0,0.0,0.560598668283238,0.07798571708803052,0.0,0.30064817794377,0.0768025078369906,4.085259262588656,0.501484913872227,0.08934169278996865,0.0,0.0,1.1859234111052945,0.16150329156317828,0.0,0.0,1.2624456462540703,0.054858934169279,2.646299058112852,0.0,0.07080180737006099,3.469005443946442,0.20003771554550007,0.006269592476489028,4.799610405000315,0.0,2.876775349730535,0.0,0.05705993656877503,3.393963939355534,0.09482732809469364,0.03151862464183381,4.219818084697168,0.0,0.04809494477996715,3.455922463671365,0.0755571311522699,0.02622950819672131,4.785149079371338,0.0012295081967213116,1.7411582089641622,0.6847300532624925,0.8535435217230616,0.19059621841604185,1.3634192206979387,0.8162381519227268,0.8615310604355209,0.9470452305144698,0.9284862782111178,1.0130503530713604,1.3136294977808651,0.4608359563180048,0.0
13,0.02644633223786197,0.287406213182861,0.44109257766478577,0.24505487691449124,0.056235978206126094,0.12553225584909114,0.4490407948354013,0.3691909711093814,0.8552950872212811,0.1447049127787189,0.05214975037760432,0.004300653745488926,0.1156564550160842,0.009708178160058109,0.4147882533350244,0.03621542470396975,0.2789429385110284,0.08823834615074196,0.0,0.4703200510622778,0.1387799762925139,0.3908999726452084,0.0625748502994012,0.0,0.002994011976047905,0.6526946107784432,0.053892215568862284,0.01407185628742515,0.0,0.0005988023952095807,0.1869760479041916,0.02619760479041916,0.008870762171807291,0.07611521794544991,0.004639306653071629,0.0012490440989039,0.8973234769309202,0.011802192199847057,0.03811434302908726,0.0062916020789641645,0.0,0.001823652776511352,0.0021883833318136225,0.389076319868697,0.03282574997720434,0.008571168049603355,9.118263882556761e-05,0.00036473055530227043,0.11379593325430838,0.015956961794474332,0.0008206437494301085,0.00036473055530227043,0.3617215282210267,0.027993070119449258,0.06049718744329523,0.0,0.09359462892397023,0.02761749228815097,0.07778987479586283,0.6429504627109418,0.008401379060061694,0.0891489747777173,0.002480312519377441,0.9224902337694548,0.009518199293110931,0.0011161406337198488,0.006758851615303528,0.0576362621690333,6.200781298443603e-05,0.002418304706393005,9.301171947665407e-05,0.0022322812674396976,0.0011161406337198488,0.007192906306194582,0.004712593786817139,0.002046257828486389,0.02635332051838532,0.287406213182861,0.4142741985490172,0.019811496248527315,0.03782476592050599,0.19445650151919144,2.289272469209285e-05,0.0008928162629916213,0.0,0.0488416281305801,0.004784579460647406,0.0007897990018772035,0.0,0.00022892724692092853,0.00027471269630511424,0.004120690444576714,0.01428506020786594,0.0010759580605283641,1.1446362346046426e-05,4.57854493841857e-05,0.0020031134105581248,3.433908703813928e-05,0.0008241380889153427,0.00041206904445767136,0.0026555560642827713,0.0017398470765990568,0.0007554599148390643,0.009729407994139462,0.10610777894785037,0.15294629366787235,0.007314225539123666,0.01396456206217664,0.07179158463440319,0.045407719426766184,0.00010301726111441784,4.57854493841857e-05,0.003514033240236253,0.4029348473055263,0.003983334096424157,0.03417883796529463,0.0020832379469804497,0.0005608717549562749,0.005299665766219495,0.0,0.028387707912599536,0.0009266720386784851,0.04413667668386522,0.01918605878174373,0.0836518970876939,0.09353371423482428,0.06960005647516172,0.8688435374699955,3.550812852762482,4.259225731292174,0.6200186077701062,0.739238438339892,2.6476017826898572,0.0,0.3132903486337197,0.07287690962521669,0.0,0.017964947043326827,0.03141252483603253,0.9338058141089145,0.2170305060778829,0.050055922064128545,4.0290088638195005e-05,0.005197421434327156,0.26839448896147217,0.06746255791517766,0.003424657534246575,0.0061240934730056405,1.3929546574163303,0.2196408966969412,2.1276715321300985,0.15107055580564324,0.21732250379942133,0.9549758739247558,0.12964115231344112,0.018034222272818087,4.4300776401400555,0.15107055580564324,0.0,0.9106415603114622,0.20393048332812672,0.0,0.11440518909035413,0.11276249374328157,3.266811103913017,0.9155041044011204,0.2950473265864355,0.010707204230006609,0.035161929940515535,1.2514458580051133,0.3670935565178858,0.01759348810377371,0.02859746860580101,3.0935235931911307,0.5921999322467365,2.7759568301157733,0.08462683665751958,0.5814127414841234,1.4401762059847751,0.23729882027614235,0.01236841115896395,5.405014251478763,0.08462683665751958,3.125345831676,0.27616230910248374,0.2404654132304488,1.0523659909661933,0.10602163066304192,0.014428505591827418,5.131285775298368,0.27616230910248374,0.30243655166292444,1.1314015287058217,0.11553822897237949,0.014030928442344224,5.517459723259207,0.19845255815247143,2.1387414970427217,0.45765813260513577,1.9721278886099824,1.5986670369567575,1.9777507562490149,1.28544733516598,0.5043606647233381,0.5989007273381217,1.2597739126358007,2.411967417308319,1.5967149518413861,0.5800931419133478,0.0
14,0.024083536991779602,0.02257276160853144,0.3521439680071095,0.6011997333925794,0.033456201723287865,0.0778062122884042,0.3603643791233301,0.5283732068649778,0.8565491982250605,0.14345080177493955,0.032100160030123316,0.001341428974865857,0.071213404876212,0.005200979007813236,0.3535724371646428,0.0073660924409300575,0.4016991433681634,0.12750635413724934,0.0,0.968014484007242,0.01388050694025347,0.018105009052504527,0.04179471419791026,0.0,0.040258143822987084,0.8383527965580824,0.0654578979717271,0.00030731407498463427,0.0,0.00030731407498463427,0.011985248924400735,0.0015365703749231714,0.002345429669685321,0.0190891914782722,6.515082415792559e-05,0.001954524724737768,0.9533520099029252,0.023193693400221517,0.04103802051901026,0.007845503922751962,0.0,0.03952926976463488,0.012371756185878094,0.8029571514785757,0.06427278213639108,0.00030175015087507544,0.0,0.00030175015087507544,0.011768255884127945,0.0015087507543753774,0.0,0.0,0.0171997585998793,0.0009052504526252264,0.01637793707686181,0.0,0.15969733174034248,0.002289924332935086,0.002986857825567503,0.7299880525686977,0.017722023098367186,0.07093787335722819,0.003554765607642746,0.9656076427460564,0.019951121972894916,0.0020439902243945787,0.0041768495889802255,0.004665629860031105,4.443457009553433e-05,0.003510331037547212,4.443457009553433e-05,0.0011997333925794268,0.0020439902243945787,0.01870695401021995,0.0003554765607642746,0.0038213730282159524,0.02403910242168407,0.02257276160853144,0.3497445012219507,0.0007998222617196178,0.003865807598311487,0.5692512774938903,2.3478036297044117e-05,0.0018547648674664848,0.0,0.06247505458643439,0.003193012936398,0.0006104289437231469,0.0,0.003075622754912779,0.0009625994881788088,0.005000821731270397,0.0009156434155847203,2.3478036297044117e-05,0.0,2.3478036297044117e-05,0.00011739018148522058,2.3478036297044117e-05,0.0006339069800201911,0.0010799896696640293,0.009884253281055572,0.0001878242903763529,0.0020191111215457943,0.012701617636700866,0.011926842438898409,0.18479562369403424,0.00042260465334679413,0.0020425891578428387,0.30077712300143217,0.0013382480689315144,0.0,0.0,7.043410889113234e-05,0.3435541051346465,0.000845209306693588,0.0068790646350339255,2.3478036297044117e-05,0.0007043410889113233,0.008358180921747706,0.0014788692338319777,0.1151901926144819,0.002161424264831352,0.05134766959971433,0.07714271288910125,0.46544142657798154,0.019631069764083714,0.06586093032838503,0.8551532692236787,0.9696533191692774,3.864785201285008,0.05137672203586279,0.1912998413752068,4.83073179752139,0.0,0.11862215539330115,0.03357552952112442,0.0,0.06996495126969499,0.028512903652024423,0.43585357712562794,0.11452732515231757,0.0,0.0,0.0005119162732495307,0.04171503103526805,0.01278507693025524,0.0,0.0,0.1009392838930682,0.00011375917183322905,1.451337581369944,0.3042440465917525,0.020205346858998965,0.4236775629029426,0.00011375917183322905,0.031020136503323546,4.609431259414786,0.3042440465917525,0.0,2.3684846773356507,0.9207030871489599,0.0,2.4779614571624604,1.4050046932190243,6.323754924428879,3.050685436924177,0.041866028708133975,0.0,0.07655502392344497,1.401348008390027,0.21061985650073622,0.0,0.0,0.10818703649791836,0.0,3.4566891395868367,0.4957899258245246,0.050388754066869844,0.362810245692153,0.0,0.05400080172261128,4.136090944985356,0.4957899258245246,2.417315519865219,0.5741166516318156,0.026233347043427387,0.4624591256136169,0.0,0.07416741899334264,4.667800671628365,0.5741166516318156,0.04703388590321847,0.5155839862992606,0.0007148601554820838,0.06425824942318786,4.865345739941363,0.5701804617661019,1.7934798854813823,0.2712662143188688,1.4170926511563573,1.1632720185763408,1.1755157190958134,0.22885593987110828,0.31302260994857223,0.34510002384929434,0.9060114907243098,1.0943848132201865,1.4132893276135488,0.4608525685179111,0.0
15,0.00018749414080809974,0.030655292022124313,0.8725977313208962,0.09655948251617136,0.029937189003997063,0.0903281942518422,0.2996437991135764,0.5800908176305843,0.9213095140984856,0.07869048590151452,0.02904146838885112,0.0008973487423521414,0.08927260367097213,0.0010061182868796737,0.29612508497620665,0.003535010197144799,0.5069204622705642,0.07320190346702922,0.0,0.21733895243829016,0.0006020469596628537,0.7820590006020469,0.13259668508287292,0.0,0.0,0.8535911602209945,0.011049723756906077,0.0,0.0,0.0,0.0027624309392265192,0.0,0.001996370235934664,0.12350272232304901,0.0003629764065335753,0.0023593466424682396,0.8716878402903812,9.074410163339382e-05,0.028898254063816974,0.0006020469596628537,0.0,0.0,0.0,0.18543046357615892,0.002408187838651415,0.0,0.0,0.0,0.0006020469596628537,0.0,0.0,0.00030102347983142685,0.7730282962071041,0.008729680915111379,0.08955513825033996,0.0,0.0467525739817393,0.0001295085151848734,0.16823156122515054,0.6239720261607201,6.47542575924367e-05,0.07129443760927281,0.0014062060560607482,0.973328958470048,0.014624542983031782,0.0001406206056060748,0.0037030092809599703,0.006796662604293615,0.0002812412112121496,0.0011249648448485984,0.0,0.007874753913940189,0.0001406206056060748,0.006749789069091591,0.0034217680697478203,0.0002812412112121496,0.00018749414080809974,0.030655292022124313,0.8565201087466017,0.004499859379394394,0.0022968032248992217,0.08596606356051373,0.00016314544416347175,0.000652581776653887,0.0,0.01674959893411643,0.002610327106615548,5.438181472115725e-05,0.0,0.0,0.0,0.00021752725888462895,5.438181472115725e-05,0.0,0.0,0.0,0.0,0.0,0.0045680724365772096,8.157272208173586e-05,0.0039154906599233215,0.0019849362373222396,0.00016314544416347175,0.00010876362944231448,0.01778285341381842,0.4968594501998532,0.002610327106615548,0.0013323544606683526,0.049868124099301185,0.0698262501019659,0.0,2.7190907360578626e-05,0.00078853631345678,0.2611958561057183,0.0005981999619327295,0.037006824917747504,0.00010876362944231448,0.0007069635913750442,2.7190907360578626e-05,0.004145931620141561,0.021585136260223153,0.0,0.1691137962484215,0.0,0.1528168520720651,0.1619637092113479,0.005874254245066544,0.0,1.0958314790476202,5.7846962396838695,0.23880368905483282,0.09228428067848565,1.3328798415038294,0.0,0.09308145277806198,0.005231757687012391,0.0,0.0,0.0,0.547252860568462,0.019666329739007844,0.0,0.0,0.0,0.0034878384580082607,0.0,0.0,0.0011014226709499771,1.545570042636614,0.043763442081909625,0.9716640188034343,9.178522257916475e-05,0.019789734111817645,1.026626181813064,0.0024020123911374313,0.0014756140979394982,3.088194039427012,9.178522257916475e-05,0.0,0.4232936649654184,0.020883924235065566,0.0,0.0,0.0,1.6946416122576433,0.10578607942113902,0.0,0.0,0.0,0.0014570179698882952,0.0,0.0,0.03302574065080136,3.5642651656930187,0.18446215425411042,1.6186009276359765,0.005828071879553181,0.07505066780620734,1.5759856833550128,0.010199125789218067,0.00348223652328427,4.146288981076356,0.005828071879553181,2.452599568766723,0.006756756756756757,0.006055679899866818,2.151795136369567,0.0016891891891891893,0.03939514880893136,4.120664878526932,0.006756756756756757,0.03516418259950022,1.315334019205688,0.009074846724143696,0.007295287416289962,4.495363451816964,0.0056734992679355785,1.687508952643617,0.190469211547317,0.7384595250403565,0.5617962706311417,0.9653760734492736,0.7518262310422652,0.4663570860015498,0.5045679964482869,0.6728795718057419,2.4018220241201917,1.3637240525858596,0.3440418567558528,0.0
16,0.0005013871711735801,0.00013370324564628805,0.8456396029013604,0.1537253066818197,0.01942206418508349,0.09726785794661744,0.21001935454831885,0.6732907233199802,0.9573974884097765,0.042602511590223706,0.019274938077009682,0.00015762215717180815,0.09632965548299932,0.0009457329430308491,0.20846656158522853,0.0016212564737671695,0.6338437288898897,0.03936050439090295,0.0,0.2880610828320222,0.05020823692734845,0.6617306802406293,0.1320109439124487,0.0,0.006155950752393982,0.7086183310533516,0.0047879616963064295,0.007523939808481531,0.0,0.0,0.13885088919288646,0.002051983584131327,0.01382340334333476,0.08229747106729532,0.0007501071581654523,0.001393056150878697,0.8953064723531933,0.006429489927132447,0.04465525219805645,0.0004627487274409996,0.0,0.0020823692734844978,0.0,0.2392410920869968,0.0016196205460434984,0.002545118000925497,0.0,0.0,0.04696899583526145,0.0006941230911614992,0.0,0.0006941230911614992,0.6536325775104118,0.007403979639055994,0.06178962595577599,0.0,0.08576152097540814,0.014947992009368328,0.19701040159812636,0.5769098298546531,0.0041330853482124405,0.0594475442584556,0.004846742654677942,0.9687802921415918,0.009158672326770732,0.0002339806798810041,0.00845673028712772,0.008523581909950862,0.0018049938162248886,0.003041748838453053,0.0,0.005983220242671391,0.0002339806798810041,0.0031754520840993413,0.005749239562790387,0.0027074907243373326,0.0005013871711735801,0.00013370324564628805,0.8277233679847579,0.0043787812949159345,0.00414480061503493,0.14042183374001405,0.0012152855921141468,0.002047981275599766,0.0,0.023270468560111626,0.004343520727370933,4.501057748570914e-05,0.0,0.00020254759868569116,0.0,0.000157537021199982,0.004568573614799478,0.00024755817617140027,0.0,0.0,6.751586622856371e-05,0.0,0.004028446684970969,0.000157537021199982,0.002138002430571184,0.0038709096637709857,0.00182292838817122,0.0003375793311428186,9.002115497141828e-05,0.5572984651393077,0.0029481928253139488,0.002790655804113967,0.09454471800873206,0.06357744069856416,0.0,6.751586622856371e-05,0.0007201692397713463,0.18803168744654994,0.0029031822478282395,0.01728406175451231,0.000157537021199982,0.00029256875365710937,0.0013503173245712743,0.09569359134612063,0.11483002543492773,0.0,0.21373383701203338,0.013508860889815047,0.10344932673871941,0.06124359430488419,0.017139522923910185,0.036314369642585574,0.010325848716574935,5.485728973100791,0.2090338029363552,0.19388956101736882,2.315249198470859,0.0,0.2564555422070771,0.0013150845063562419,0.0,0.009984900881593688,0.0,0.5609327454631899,0.008355602504585008,0.009622868664508765,0.0,0.0,0.044388629747920835,0.002246080927071353,0.0,0.005942233695387463,1.8510043435583994,0.04435424905378606,0.9031952014253775,0.08414753554845415,0.11379240154400225,0.6435604054859819,0.004617114973429022,0.010347016097994875,3.133906194144904,0.08414753554845415,0.0,0.7866067125377961,0.004402054292002935,0.0,0.05102521551909321,0.0,1.6733930763237848,0.048444112261908166,0.14030904921677237,0.0,0.0,0.47373670679747454,0.041952462417373396,0.0,0.02457813646368305,3.245261408227013,0.12094129447736758,1.4759930010933855,0.09786071604267638,0.16472782275955944,0.8274104078823721,0.01603053925694171,0.03211624175408461,4.277747634284098,0.09786071604267638,2.1319561675590792,0.13547101486094365,0.08547699541416726,0.9779756586696682,0.001834862385321101,0.037632614686838414,4.126825486883398,0.13547101486094365,0.15729173957229076,0.9312794818145661,0.014779041583875678,0.01318257946920885,4.509939172361071,0.12268158606650703,1.5115887665161407,0.24928198400164134,0.85146903059268,0.6141776137718367,1.3719739651877687,1.0819621191811963,0.4664751409345663,0.5386739095626903,1.2098075215431947,1.2378449957372517,1.2846159082107553,0.24361802566854227,0.0
17,0.0,0.0,0.5315537979897842,0.4684462020102159,0.04258638171749474,0.1980734732080181,0.5226581389907183,0.23668200608376885,0.9821386787302082,0.017861321269791747,0.04207551613156449,0.00047099458356228896,0.19683648638040666,0.002237224271920873,0.5239422246644163,0.0015307323965774394,0.2256064055263365,0.0073004160452154795,0.022051584957668832,0.402638314628864,0.036424493010435134,0.538885607403032,0.08878923766816144,0.0,0.018385650224215247,0.7955156950672646,0.014349775784753363,0.006726457399103139,0.0,0.0017937219730941704,0.07443946188340808,0.0,0.015893150276078197,0.023951649007610803,0.004476943739740336,0.001566930308909118,0.9528428592747352,0.001268467392926429,0.039863096436480776,0.0008053150795248641,0.0,0.008254479565129856,0.0006039863096436481,0.3557479363801087,0.006442520636198913,0.0030199315482182408,0.0,0.0008053150795248641,0.03342057580028186,0.0,0.0,0.0014093013891685125,0.5445943225286893,0.005033219247030401,0.027282480968681348,0.005722168293056762,0.10448066213661676,0.00945179584120983,0.1398354876615746,0.6565677208399325,0.0008685434016246871,0.05579114085730343,0.0056022408963585435,0.9742956005931784,0.01202834074806393,0.00016477179106936892,0.006426099851705388,0.0014829461196243206,0.0029658922392486412,0.002636348657109903,0.0,0.007744274180260339,0.00016477179106936892,0.004284066567803592,0.0034602076124567475,0.0029658922392486412,0.0,0.0,0.5170538803756797,0.00032954358213873783,0.0011534025374855825,0.4572417202174988,0.0007019733250136495,0.0006239762889010217,0.004367834022307152,0.0689103814055066,0.0077217065751501454,0.00015599407222525544,0.0,0.0015989392403088682,0.00011699555416894157,0.0012479525778020435,0.0064737539973481,0.0005849777708447079,0.0,0.00015599407222525544,0.0,0.0,0.0018329303486467516,3.899851805631386e-05,0.0010139614694641603,0.0008189688791825911,0.0007019733250136495,0.0,0.0,0.1223773496607129,7.799703611262772e-05,0.000272989626394197,0.10822088760627097,0.105490991342329,0.0,0.000272989626394197,0.0009749629514078463,0.498011075579128,0.008306684345994853,0.01251852429607675,0.002339911083378832,0.0008189688791825911,0.0006629748069573357,0.02865444370969471,0.014886383275561677,0.0,0.1270494777647026,0.0,0.04263119609721973,0.11555023546104706,0.04016179851494757,0.0,0.0,3.9656249710975837,0.005744768157570784,0.01645249795036852,2.8303453384351114,0.01243299467311747,0.1631352488809148,0.004103405826836274,0.0,0.10019349737468157,0.0,0.4587675884231737,0.023939208043859097,0.043403544321221746,0.0,0.002872384078785392,0.1545581171156004,0.0,0.0,0.004513746409519901,0.8585568934247275,0.0220578118597306,0.3503610162277088,0.004513746409519901,0.09228097046553935,0.18680290251452675,0.008206811653672548,0.005744768157570784,3.4768657672273102,0.004513746409519901,0.3028539625005196,0.9508058705110072,0.012486992715920915,0.0,0.47173007425094216,0.09027199102063853,3.2527953879020144,0.3361186138893354,0.02587060787399277,0.0,0.027055150884495317,0.6705637769586634,0.0,0.0,0.12261403054877411,3.7875061565400867,0.20955823797059683,1.8697784262376436,0.07288997418784027,0.1421926845092603,0.39826434266594085,0.052252464859443196,0.028150410011524685,4.410818026121123,0.07288997418784027,3.085293995533104,0.19541182395327533,0.27335943113529826,0.6275411257361996,0.05432595573440644,0.22550861740004985,4.664430685176572,0.19541182395327533,0.08644910291626377,0.1461852361791897,0.00677470775770457,0.03736683360836678,4.6563324678853375,0.024745009467906774,1.5467326195946915,0.22550099679661045,0.9249879884058503,0.703806880183372,1.5375238635110127,1.289957827056028,0.1532533499019182,0.2026221033083222,1.0367683399478407,1.544460284859511,1.4937380438051673,0.07691104092328667,0.0
18,0.9139900071377588,3.965421524308034e-05,0.0,0.08597033864699817,0.03991672186997256,0.2641241601211318,0.21866187186524086,0.4772972461436548,0.8421879435979938,0.15781205640200624,0.03866124735030435,0.0017697049843449176,0.2634332276696291,0.007001030707298575,0.1985375624744754,0.023297874409288037,0.3647148052352152,0.1025845471694444,0.0,0.2249372984593336,0.002651379433894661,0.7724113221067718,0.1816750629722922,0.0,0.015113350125944584,0.7714105793450882,0.020151133501259445,0.0025188916876574307,0.0,0.0,0.008816120906801008,0.00031486146095717883,0.01679217519259067,0.12429671946680515,0.007703626763611183,0.008569202804466372,0.8332034969272051,0.009434778845321562,0.04134718738803296,0.002723038337513436,0.0,0.003439627373701182,0.000788247939806521,0.17205302758867788,0.004586169831601578,0.0005732712289501972,0.0,0.0,0.0020064493013256897,7.165890361877465e-05,0.0,0.00824077391615908,0.7430311716230742,0.021139376567538518,0.05902161711988992,0.0,0.11366187493210705,0.0013397544990404462,0.3903030741934316,0.3553608284752145,0.003946844335011044,0.07636600644530543,0.00935839479736696,0.9486477912602108,0.032992307082242836,0.0013878975335078116,0.0,0.007613609326671426,0.0,0.00935839479736696,0.012689348877785708,0.0,0.0013878975335078116,0.02030295820445713,0.0,0.0,0.9013006582599732,3.965421524308034e-05,0.0,0.0,0.007613609326671426,0.04730747878499485,0.0,0.004466736065108356,0.0,0.04544336140815748,0.01092079114223526,0.0007192202138733794,0.0,0.0009084886912084793,0.00020819532506860983,0.001211318254944639,0.0005299517365382796,0.00015141478186807988,0.0,0.0,1.8926847733509985e-05,0.006056591274723196,0.0,0.0006624396706728494,0.009690546039557112,0.0,0.0,0.4301883221349484,1.8926847733509985e-05,0.0,0.0,0.003633954764833917,0.02257972934607741,0.19625248414876506,0.0,0.002176587489353648,0.0055834200813854465,0.1821898362827671,0.0036718084603009366,0.027178953345320337,0.0016844894482823884,0.0018737579256174887,0.0020630264029525888,0.0,0.14253529533069048,0.15865589960532103,0.0,0.006762406876705978,0.14503200815971262,0.0,0.0,5.494828336111347,0.00023371311714869998,0.0,0.0,0.27051612253120433,0.9762154210356847,0.0,0.3683615407062194,0.023391168565754288,0.0,0.03156901913665194,0.0026292725679228747,0.5900554650392434,0.03640310254264142,0.00035056967572304995,0.0,0.0,0.007126141543728514,0.0016359918200408998,0.0,0.17357601316965357,3.314203109984916,0.40686542707352147,1.0957432642951102,0.005194180763142279,0.12966516467498215,0.6150151606634806,0.028499344680500107,0.014052729678817764,2.564997743541523,0.005194180763142279,0.0,1.2189195946744902,0.16360943524666813,0.0,0.2744263518220759,0.10024608848592088,2.308402083620225,0.2993422488232512,0.05556535423845758,0.0,0.0,0.19444500359876735,0.0008759976640062293,0.0,0.37986990825963973,4.864229945628093,0.6985093852213966,1.727702108276891,0.0722018053385465,0.14345397633681622,0.6033472151150295,0.032216113181967786,0.054953049345407144,2.7289377235653767,0.0722018053385465,2.7778471067654475,0.2640250734915474,0.24838909991429461,1.1961905482095465,0.0401865056853303,0.19736862307364234,3.3279113803855873,0.2640250734915474,0.14984481796633,1.1874193665314878,0.06548663946257505,0.11110252861980016,4.187171074007784,0.1462289292098097,2.1638323253024563,0.32409222711891233,0.620962049216337,0.41499847929018574,1.1752027873164392,0.7328336539526203,0.6447507923136557,0.8323340218748285,0.9936109522367441,2.3787289582278612,1.6512313046445022,0.6138616231548658,1.0
19,0.00017525411847178407,0.010865755345250614,0.9081668419207852,0.08079214861549247,0.09951900902681687,0.27739342426039404,0.3975093892073533,0.22557817750543585,0.9398827172695526,0.06011728273044738,0.0956,0.0047733333333333326,0.2744133333333333,0.005226666666666667,0.39452,0.006986666666666667,0.18644000000000002,0.03204,0.015534441805225653,0.2675059382422803,0.00855106888361045,0.7084085510688836,0.10153157804164516,0.0001720874204095681,0.07537429013939081,0.7750817415246946,0.016864567200137667,0.0015487867836861124,0.0,0.0001720874204095681,0.028910686628807438,0.00034417484081913615,0.07064478700480689,0.010774075915796455,0.0007624730648102105,9.945300845350573e-05,0.9148350737609812,0.002884137245151666,0.02847078125753993,0.0019302224581383004,4.825556145345751e-05,0.02113593591661439,0.0017372002123244704,0.21367562611590987,0.004729045022438836,0.0004343000530811176,0.0,4.825556145345751e-05,0.008106934324180862,9.651112290691502e-05,0.0033778893017420253,0.01964001351155721,0.68262317232061,0.01394585726004922,0.04179216226793949,0.005564347337791618,0.09581908213793457,0.0030629434886926326,0.25374785168546976,0.4700256946925996,0.0014804226862014395,0.12850749570337094,0.00806168944970207,0.9714335786890992,0.0037971725668886546,0.0,0.007243836896833742,0.00946372239747634,0.002453557658604977,0.00560813179109709,0.0,0.0033298282509638976,0.0,0.0004673443159247576,0.0066012384624372,0.0006425984343965416,0.00017525411847178407,0.010865755345250614,0.8915761187054563,0.004206098843322818,0.005257623554153523,0.06881645051992055,0.0005534690650326153,0.0012650721486459776,0.004309152006325361,0.05835145285629571,0.00777492258022007,0.0005271133952691573,1.3177834881728932e-05,0.005771891678197272,0.0004744020557422416,0.0012914278184094356,0.002213876260130461,0.0001186005139355604,0.0,1.3177834881728932e-05,2.6355669763457864e-05,0.0,0.0007511365882585491,0.0,0.00010542267905383146,0.0014890953416353693,0.00014495618369901825,3.953350464518679e-05,0.0024510772880015808,0.20112011596494694,0.0009488041114844832,0.0011860051393556036,0.015523489490676681,0.18641365223693748,0.0009224484417210252,0.005363378796863675,0.003808394280819662,0.3636555313961916,0.028081966132964355,0.0042827963365619035,0.00030309020227976537,3.953350464518679e-05,0.001146471634710417,0.03950811074525889,0.040800726204212934,0.0,0.08249032693443481,0.0,0.00582582294591487,0.18880197164629017,0.01814329372932337,0.002872549670110278,0.26180775426153213,5.298191823271574,0.05076076475599575,0.04628084025455227,1.0258882945377588,0.010790171647551982,0.4179455727643661,0.03582192734794058,0.0007791195948578107,0.39334261394652315,0.03152505356587681,1.1705628796972378,0.04715606739665425,0.0037397740553174914,0.0,7.791195948578106e-05,0.033442039347674625,0.0,0.03775847975025085,0.4433990666945615,3.294970287529836,0.26283835271170586,2.3754778407188413,0.030317621628981307,0.8841657829384401,0.041719520920401106,0.00015582391897156213,0.0005909592910573554,3.962180063033142,0.030317621628981307,0.35733361341391007,0.9886536940873292,0.13787000350937936,0.006925911805820308,0.8866713151165145,0.12872285597049526,2.8322297478063856,0.1763784779627598,0.01996976823707868,0.0,0.0009531071292413268,0.2698048024667978,0.003177023764137756,0.15305987446106756,0.7933760297742258,4.481347806154472,0.39134800375800943,2.6730753893762915,0.03248926242029379,0.7803736244838813,0.07440319930655152,0.001497156082362503,0.0043051777546170705,4.853046704324622,0.03248926242029379,4.352674703021686,0.020224523370643198,0.2941390964801278,0.05719852575624931,0.000176522506619594,0.000529567519858782,4.575267267339314,0.020224523370643198,0.8038395157831125,0.1248084134619204,0.005369025466503832,0.0027168656177827284,5.041251247210855,0.045918281024844174,2.092635772792269,0.22536882074482054,0.6840406311364446,0.4804989884785949,1.4517986747521836,0.976968380966394,0.42877337334238175,0.48423453974366465,1.0929099283098367,2.7001009047328677,1.8526872487092036,0.32759221883402245,1.0
20,0.5460210930009588,0.013263023330137423,0.003994886545222114,0.4367209971236817,0.09924907905922356,0.035739586285066585,0.6433479739302919,0.22166336072541795,0.9885590818928875,0.011440918107112496,0.09918175055789737,7.084410754135523e-05,0.035457475824448303,0.000283376430165421,0.6402890439587687,0.003046296624278276,0.21366582834472744,0.008005384152173143,0.015857284440039643,0.7452923686818632,0.013875123885034688,0.22497522299306244,0.0039164490861618795,0.0013054830287206266,0.022193211488250653,0.9464751958224544,0.007832898172323759,0.0,0.0,0.0,0.01827676240208877,0.0,0.002918020150856136,0.09673512085007983,0.0015966525353741125,0.006716952045366955,0.8768375268402797,0.015195727578043276,0.0030211480362537764,0.0,0.0010070493454179257,0.017119838872104734,0.0,0.730110775427996,0.006042296072507553,0.0,0.0,0.0,0.014098690835850957,0.0,0.0010070493454179257,0.0010070493454179257,0.22457200402819735,0.0020140986908358514,0.0823700737234914,0.0007281332483844543,0.03422226267406935,0.0006371165923363977,0.010330390461454446,0.7316373896423045,0.012560298534631838,0.12751433512332758,0.014701182486417387,0.9137104506232024,0.05672738894215405,0.0004793863854266538,0.0015979546180888466,0.01278363694471077,0.0,0.014701182486417387,0.0028763183125599234,0.0006391818472355385,0.0004793863854266538,0.05321188878235858,0.00015979546180888466,0.0014381591562799615,0.5431447746883988,0.013263023330137423,0.003195909236177693,0.0,0.01278363694471077,0.35410674336848835,0.0,0.003258713516576934,0.0005667327854916407,0.02568007934258997,0.00010626239727968264,0.0,3.5420799093227545e-05,0.0006021535845848683,0.0,0.00021252479455936528,0.0004958911873051856,0.0,0.0,0.0,0.0,0.0006375743836780957,0.00014168319637291018,0.00010626239727968264,0.011795126098044771,3.5420799093227545e-05,0.00031878719183904786,0.1203952961178804,0.002939926324737886,0.0007084159818645508,0.0,0.0028336639274582037,0.07849249079059224,0.007898838197789743,3.5420799093227545e-05,3.5420799093227545e-05,7.084159818645509e-05,0.5641116463587419,0.0018773023519410602,0.062234344006800786,0.0010272031737035988,0.00432133748937376,0.009776140549730802,0.0,0.2278100113567077,0.06441783413197678,0.008920184855618173,0.01152073732718894,0.453039522089874,0.0,0.006952131338520355,2.8608917573994206,0.12970310295075407,0.040012473818318794,0.0,0.03649120758666738,2.30720636626092,0.011730205278592375,0.0010473397570171764,0.0,0.0,0.016706092899489627,0.0,0.41851810804994255,0.0008378718056137411,0.0,0.0,0.0,0.0027230833682446586,0.0,0.0,0.0,0.20896846095407715,0.0,1.6819535934547212,0.0774054418121774,0.0403472519852786,0.29268423319860115,0.020286892544451526,0.028748892987830447,4.178890673130962,0.0774054418121774,0.12275449101796407,0.011976047904191617,0.0,0.0,0.12392637975627599,0.0,2.1848995312521273,0.05538922155688623,0.0,0.0,0.0,0.009236414672817833,0.0,0.0,0.0,0.4302861165996825,0.010479041916167664,2.092919464953175,0.11304102261225084,0.13312341407823713,0.8781816577038907,0.06214038174300438,0.05724174069131679,4.735417951201778,0.11304102261225084,2.7004199264130517,0.34131178585125416,0.05361593990665396,0.8667150992194538,0.025043088970241628,0.19248946524424387,4.353580016282582,0.34131178585125416,0.05502418294032039,0.9696761863564789,0.029580166482083153,0.1057884232335844,4.291664102067505,0.20513956602436118,1.4055282109977356,0.5239114483872891,1.5296458731978348,1.1122710257738446,1.0589342157113277,0.9171121389070249,0.5089686430164914,0.5936897467717825,0.3650490164701128,1.0043853026571945,1.326996007501395,0.0872060176194854,0.0
